"","prolific_id","participant"
"1","5dc483cf74939e34e55c3619",492814
"92","5ff5f7ad932d56101bf7c90d",492828
"152","5f9b6cc0e01ad13902b38f60",492835
"244","5fa4c21a04bc5912180291bc",492872
"333","5898b6e256357700011c2c6b",493072
"417","5edcfe625cd39c9efd5cc2ae",493151
"495","5fed41e3e14422f5e308c6e5",493232
"580","5bebd4111296920001d55c5a",493447
"670","60fd444309e999dd905f78f8",493522
"763","6094c0e7af94737806eca8f2",500081
"854","611112142433b5e95c84acd9",500100
"932","5e483052a742a3000f7c15e8",500141
"1016","5bf08d054863520001b1e1dc",500151
"1109","5b9f09697b196f000195e1ed",500223
"1203","5e869a2ada38292db0605de5",500225
"1290","60528f0a86ecd7828ccd7492",500265
"1382","6277cd4fea5f69868617658b",500271
"1446","5b7aefd06c1ccb000178b710",500298
"1520","6108295fdd0270d7544b5a8a",500301
"1613","5977e3867412f8000194e1fe",500401
